,label,RMSE,MAE,MASE
0,C1004 X AS27000_SARIMA,15.13,10.95,0.96
1,C1004 X AS27132_Holt-Winters 3,2.97,1.74,0.99
0,C1004 X AS27133_SARIMA,27.77,22.55,2.4
1,C1004 X AS27134_Holt-Winters 3,19.88,7.08,0.26
0,C1004 X AS27137_SARIMA,8.63,7.52,2.7
0,C1004 X AS27138_SARIMA,10.55,8.54,3.22
0,C1007 X AS27000_SARIMA,65.28,45.84,0.66
0,C1007 X AS27132_SARIMA,20.13,17.46,0.92
0,C1007 X AS27133_SARIMA,7.6,6.57,0.29
1,C1007 X AS27134_Holt-Winters 3,7.07,5.85,0.12
0,C1007 X AS27137_SARIMA,15.81,9.79,0.68
0,C1007 X AS27138_SARIMA,9.17,7.9,1.81
0,C1007 X AS42018_SARIMA,6.69,4.81,inf
1,C1007 X AS42018_Holt-Winters 3,33.62,28.89,inf
2,C1007 X AS42018_FB Prophet,28.28,18.89,inf
0,C1008 X AS27000_SARIMA,21.43,11.44,0.66
0,C1008 X AS27132_SARIMA,0.0,0.0,0.0
0,C1008 X AS27133_SARIMA,28.69,21.1,1.22
1,C1008 X AS27134_Holt-Winters 3,7.64,5.65,0.46
0,C1008 X AS27137_SARIMA,4.47,4.02,0.64
2,C1008 X AS27138_FB Prophet,7.51,6.61,0.95
2,C1009 X AS27000_FB Prophet,9.09,6.23,0.46
0,C1009 X AS27133_SARIMA,31.77,28.1,1.72
0,C1009 X AS27137_SARIMA,3.97,2.85,4.55
0,C1009 X AS27138_SARIMA,3.81,3.28,3.5
0,C1010 X AS27000_SARIMA,7.7,6.08,0.73
1,C1010 X AS27132_Holt-Winters 3,3.41,2.99,1.11
0,C1010 X AS27133_SARIMA,25.28,20.0,1.47
1,C1010 X AS27134_Holt-Winters 3,4.87,4.0,0.32
0,C1010 X AS27137_SARIMA,2.63,2.15,0.92
0,C1010 X AS27138_SARIMA,4.89,3.71,14.84
0,C1011 X AS21126_SARIMA,0.33,0.11,inf
1,C1011 X AS21126_Holt-Winters 3,3.02,1.11,inf
2,C1011 X AS21126_FB Prophet,3.02,1.11,inf
0,C1011 X AS27000_SARIMA,5.4,4.15,0.78
1,C1011 X AS27132_Holt-Winters 3,2.67,2.29,0.55
0,C1011 X AS27133_SARIMA,26.34,20.55,3.94
0,C1011 X AS27134_SARIMA,8.61,6.3,1.02
0,C1011 X AS27137_SARIMA,1.92,1.52,1.43
0,C1011 X AS27138_SARIMA,12.75,10.76,1.51
1,C1011 X AS46000_Holt-Winters 3,0.11,0.1,0.04
0,C1014 X AS17005_SARIMA,0.32,0.16,inf
1,C1014 X AS17005_Holt-Winters 3,0.33,0.11,inf
2,C1014 X AS17005_FB Prophet,0.33,0.11,inf
1,C1014 X AS27000_Holt-Winters 3,2.2,1.26,4.02
0,C1014 X AS27132_SARIMA,0.05,0.04,1.14
0,C1014 X AS27133_SARIMA,7.19,5.65,18.07
1,C1014 X AS27134_Holt-Winters 3,0.0,0.0,0.0
0,C1014 X AS27137_SARIMA,1.66,1.22,inf
1,C1014 X AS27137_Holt-Winters 3,2.19,1.68,inf
2,C1014 X AS27137_FB Prophet,2.19,1.67,inf
0,C1014 X AS27138_SARIMA,3.2,2.77,9.85
0,C1014 X AS46000_SARIMA,48.09,18.4,inf
1,C1014 X AS46000_Holt-Winters 3,47.96,16.09,inf
2,C1014 X AS46000_FB Prophet,48.0,16.0,inf
1,C1015 X AS17005_Holt-Winters 3,0.04,0.03,0.02
0,C1015 X AS27000_SARIMA,18.37,14.95,1.09
1,C1015 X AS27132_Holt-Winters 3,2.21,1.61,0.18
0,C1015 X AS27133_SARIMA,7.62,6.14,1.34
0,C1015 X AS27134_SARIMA,16.42,12.03,1.14
1,C1015 X AS27137_Holt-Winters 3,4.38,2.7,0.98
1,C1015 X AS27138_Holt-Winters 3,0.91,0.64,0.28
0,C1015 X AS27139_SARIMA,0.0,0.0,0.0
1,C1015 X AS46000_Holt-Winters 3,34.16,25.7,1.01
0,C1017 X AS27133_SARIMA,14.44,9.41,inf
1,C1017 X AS27133_Holt-Winters 3,18.34,12.0,inf
2,C1017 X AS27133_FB Prophet,18.34,12.0,inf
1,C1017 X AS27134_Holt-Winters 3,0.0,0.0,0.0
0,C1017 X AS27137_SARIMA,2.58,2.05,13.14
0,C1017 X AS27138_SARIMA,3.58,2.72,10.89
1,C1018 X AS17005_Holt-Winters 3,0.33,0.13,0.41
0,C1018 X AS27000_SARIMA,35.22,25.33,2.22
0,C1018 X AS27132_SARIMA,21.56,11.91,4.06
0,C1018 X AS27133_SARIMA,47.61,42.46,2.41
1,C1018 X AS27134_Holt-Winters 3,33.27,24.1,1.52
0,C1018 X AS27137_SARIMA,4.51,3.82,0.6
0,C1018 X AS27138_SARIMA,13.55,10.15,2.93
0,C1018 X AS27139_SARIMA,1.14,0.67,0.21
1,C1018 X AS27139_Holt-Winters 3,1.69,0.65,0.21
0,C1018 X AS42018_SARIMA,0.79,0.56,0.89
1,C1018 X AS46000_Holt-Winters 3,14.98,9.4,1.03
1,C1024 X AS17005_Holt-Winters 3,2.26,0.84,1.22
0,C1024 X AS27000_SARIMA,79.94,72.64,5.09
0,C1024 X AS27132_SARIMA,5.0,1.67,0.92
0,C1024 X AS27133_SARIMA,51.59,44.96,5.23
0,C1024 X AS27134_SARIMA,66.98,53.83,1.22
0,C1024 X AS27137_SARIMA,8.11,6.56,2.33
0,C1024 X AS27138_SARIMA,10.78,9.2,7.55
0,C1024 X AS46000_SARIMA,1.34,0.51,0.08
0,C1026 X AS27000_SARIMA,21.3,16.57,0.65
1,C1026 X AS27132_Holt-Winters 3,6.63,4.16,0.44
0,C1026 X AS27133_SARIMA,27.07,19.04,1.19
0,C1026 X AS27134_SARIMA,11.51,8.9,0.7
0,C1026 X AS27137_SARIMA,13.5,11.66,2.63
1,C1026 X AS27138_Holt-Winters 3,38.21,23.34,3.25
0,C1027 X AS27000_SARIMA,22.37,19.59,1.14
1,C1027 X AS27132_Holt-Winters 3,1.02,0.7,0.11
0,C1027 X AS27133_SARIMA,20.02,17.77,0.6
0,C1027 X AS27134_SARIMA,21.56,13.79,0.38
0,C1027 X AS27137_SARIMA,6.08,4.78,1.14
0,C1027 X AS27138_SARIMA,7.33,4.68,1.5
1,C1028 X AS27000_Holt-Winters 3,13.6,11.87,0.58
1,C1028 X AS27132_Holt-Winters 3,0.8,0.5,0.29
0,C1028 X AS27133_SARIMA,25.46,22.45,1.3
0,C1028 X AS27134_SARIMA,8.0,6.71,0.5
0,C1028 X AS27137_SARIMA,1.62,1.27,0.57
0,C1028 X AS27138_SARIMA,2.57,1.91,8.74
0,C1028 X AS27139_SARIMA,0.12,0.06,0.06
1,C1029 X AS27000_Holt-Winters 3,8.3,7.09,0.57
1,C1029 X AS27132_Holt-Winters 3,1.35,0.92,0.35
0,C1029 X AS27133_SARIMA,29.98,26.44,1.0
1,C1029 X AS27134_Holt-Winters 3,28.45,22.52,0.51
0,C1029 X AS27137_SARIMA,4.24,3.04,0.95
0,C1029 X AS27138_SARIMA,3.74,2.54,0.82
0,C1029 X AS27139_SARIMA,0.0,0.0,0.0
1,C1029 X AS46000_Holt-Winters 3,13.05,4.79,0.33
0,C1030 X AS27000_SARIMA,41.72,33.42,0.66
0,C1030 X AS27132_SARIMA,5.83,5.18,0.42
0,C1030 X AS27133_SARIMA,13.46,12.51,0.63
0,C1030 X AS27134_SARIMA,2.24,1.8,0.45
1,C1030 X AS27137_Holt-Winters 3,4.5,2.76,0.4
0,C1030 X AS27138_SARIMA,10.01,6.73,inf
1,C1030 X AS27138_Holt-Winters 3,10.47,8.0,inf
2,C1030 X AS27138_FB Prophet,12.76,8.89,inf
0,C1030 X AS42018_SARIMA,0.03,0.03,0.09
0,C1034 X AS27000_SARIMA,10.73,9.98,1.97
0,C1034 X AS27132_SARIMA,3.2,2.56,0.38
1,C1034 X AS27133_Holt-Winters 3,28.08,21.82,11.45
0,C1034 X AS27134_SARIMA,20.71,15.98,2.13
0,C1035 X AS27000_SARIMA,7.93,7.43,1.34
1,C1035 X AS27132_Holt-Winters 3,0.65,0.52,0.15
1,C1035 X AS27133_Holt-Winters 3,37.32,22.54,1.71
1,C1035 X AS27134_Holt-Winters 3,2.21,1.36,0.07
1,C1035 X AS27137_Holt-Winters 3,3.47,1.51,1.31
0,C1035 X AS27138_SARIMA,2.34,1.65,3.78
1,C1035 X AS46000_Holt-Winters 3,15.52,10.65,1.54
0,C1051 X AS27000_SARIMA,24.9,23.17,1.42
0,C1051 X AS27132_SARIMA,1.67,0.59,inf
1,C1051 X AS27132_Holt-Winters 3,1.67,0.56,inf
2,C1051 X AS27132_FB Prophet,1.67,0.56,inf
0,C1051 X AS27133_SARIMA,18.34,13.28,3.48
0,C1051 X AS27134_SARIMA,21.84,17.63,2.55
0,C1051 X AS27137_SARIMA,3.63,2.39,inf
1,C1051 X AS27137_Holt-Winters 3,3.72,2.14,inf
2,C1051 X AS27137_FB Prophet,3.82,2.11,inf
0,C1051 X AS27138_SARIMA,1.59,1.02,inf
1,C1051 X AS27138_Holt-Winters 3,6.0,5.36,inf
2,C1051 X AS27138_FB Prophet,4.42,2.67,inf
0,C1054 X AS27000_SARIMA,39.02,31.22,0.62
1,C1054 X AS27132_Holt-Winters 3,9.58,8.25,0.4
0,C1054 X AS27133_SARIMA,30.19,25.15,1.76
1,C1054 X AS27134_Holt-Winters 3,11.84,4.27,0.23
0,C1054 X AS27137_SARIMA,24.89,18.9,1.92
0,C1054 X AS27138_SARIMA,26.68,22.67,1.42
0,C1055 X AS27000_SARIMA,9.48,7.38,0.72
1,C1055 X AS27132_Holt-Winters 3,4.6,2.51,0.82
1,C1055 X AS27133_Holt-Winters 3,22.71,16.88,1.8
0,C1055 X AS27134_SARIMA,22.82,17.52,1.27
1,C1055 X AS27137_Holt-Winters 3,0.09,0.05,0.04
2,C1055 X AS27138_FB Prophet,3.38,2.18,1.34
0,C1056 X AS27000_SARIMA,5.05,4.55,1.1
1,C1056 X AS27132_Holt-Winters 3,2.8,1.81,0.6
1,C1056 X AS27133_Holt-Winters 3,404.8,238.02,12.25
1,C1056 X AS27134_Holt-Winters 3,18.3,9.56,2.28
1,C1056 X AS27137_Holt-Winters 3,1.07,0.54,1.43
0,C1056 X AS27138_SARIMA,1.32,0.94,0.89
1,C1058 X AS27000_Holt-Winters 3,0.04,0.04,0.0
1,C1058 X AS27137_Holt-Winters 3,0.5,0.27,0.01
0,C1059 X AS27000_SARIMA,51.25,40.12,2.14
1,C1059 X AS27132_Holt-Winters 3,9.4,6.04,2.36
0,C1059 X AS27133_SARIMA,34.51,29.74,2.63
0,C1059 X AS27134_SARIMA,8.15,5.92,0.88
0,C1059 X AS27137_SARIMA,4.1,3.07,1.76
0,C1059 X AS27138_SARIMA,10.14,8.45,3.51
0,C1061 X AS27000_SARIMA,50.49,41.4,0.62
1,C1061 X AS27132_Holt-Winters 3,5.1,3.43,0.3
2,C1061 X AS27133_FB Prophet,75.06,58.66,1.39
1,C1061 X AS27134_Holt-Winters 3,9.4,7.9,0.51
0,C1061 X AS27137_SARIMA,5.69,4.71,2.51
2,C1061 X AS27138_FB Prophet,4.66,3.78,1.14
0,C1062 X AS27000_SARIMA,124.77,94.18,1.19
1,C1062 X AS27132_Holt-Winters 3,51.39,23.93,2.5
0,C1062 X AS27133_SARIMA,29.68,25.05,0.63
1,C1062 X AS27134_Holt-Winters 3,66.95,23.8,0.29
0,C1062 X AS27137_SARIMA,23.59,21.21,1.92
0,C1062 X AS27138_SARIMA,28.72,23.73,1.62
0,C1062 X AS27139_SARIMA,0.0,0.0,0.0
1,C1062 X AS27139_Holt-Winters 3,0.0,0.0,0.0
0,C1063 X AS27000_SARIMA,2.31,0.96,inf
1,C1063 X AS27000_Holt-Winters 3,2.57,1.32,inf
2,C1063 X AS27000_FB Prophet,2.56,1.22,inf
0,C1063 X AS27132_SARIMA,1.0,0.33,inf
1,C1063 X AS27132_Holt-Winters 3,1.67,0.78,inf
2,C1063 X AS27132_FB Prophet,1.67,0.78,inf
0,C1063 X AS27133_SARIMA,11.89,6.8,inf
1,C1063 X AS27133_Holt-Winters 3,21.79,11.67,inf
2,C1063 X AS27133_FB Prophet,21.79,11.67,inf
0,C1063 X AS27134_SARIMA,3.33,1.11,inf
1,C1063 X AS27134_Holt-Winters 3,4.71,2.22,inf
2,C1063 X AS27134_FB Prophet,4.71,2.22,inf
0,C1063 X AS27137_SARIMA,3.34,1.22,inf
1,C1063 X AS27137_Holt-Winters 3,3.33,1.11,inf
2,C1063 X AS27137_FB Prophet,3.33,1.11,inf
0,C1063 X AS27138_SARIMA,1.43,0.89,inf
1,C1063 X AS27138_Holt-Winters 3,1.65,0.69,inf
2,C1063 X AS27138_FB Prophet,1.7,0.67,inf
1,C1066 X AS27000_Holt-Winters 3,44.2,38.3,0.42
1,C1066 X AS27132_Holt-Winters 3,8.67,4.93,2.39
1,C1066 X AS27133_Holt-Winters 3,22.04,15.14,0.55
1,C1066 X AS27134_Holt-Winters 3,16.12,11.98,0.34
1,C1066 X AS27138_Holt-Winters 3,11.94,6.28,1.61
0,C1067 X AS27000_SARIMA,12.2,7.62,2.22
1,C1067 X AS27132_Holt-Winters 3,2.35,1.19,0.95
0,C1067 X AS27133_SARIMA,4.75,3.56,inf
1,C1067 X AS27133_Holt-Winters 3,5.74,4.02,inf
2,C1067 X AS27133_FB Prophet,5.85,4.22,inf
1,C1067 X AS27134_Holt-Winters 3,1.12,0.67,0.11
0,C1067 X AS27137_SARIMA,2.55,2.27,12.12
1,C1069 X AS27000_Holt-Winters 3,50.6,37.58,0.67
1,C1069 X AS27132_Holt-Winters 3,2.49,1.7,0.71
0,C1069 X AS27133_SARIMA,17.52,14.92,0.87
1,C1069 X AS27134_Holt-Winters 3,1.27,1.0,0.4
0,C1069 X AS27137_SARIMA,6.61,4.75,0.56
0,C1069 X AS27138_SARIMA,4.76,3.87,1.63
0,C1069 X AS42018_SARIMA,1.46,0.85,1.01
0,C1070 X AS27000_SARIMA,5.23,3.86,1.61
1,C1070 X AS27132_Holt-Winters 3,2.52,1.72,0.45
0,C1070 X AS27134_SARIMA,21.32,20.26,1.42
1,C1072 X AS27000_Holt-Winters 3,3.88,2.17,0.24
1,C1072 X AS27132_Holt-Winters 3,3.3,1.14,3.66
2,C1072 X AS27133_FB Prophet,14.62,9.62,1.09
1,C1072 X AS27134_Holt-Winters 3,3.75,1.67,0.22
0,C1072 X AS27137_SARIMA,2.86,1.84,2.1
0,C1072 X AS27138_SARIMA,2.88,2.19,1.59
1,C1073 X AS27000_Holt-Winters 3,15.88,13.24,0.4
1,C1073 X AS27132_Holt-Winters 3,1.23,0.98,0.46
0,C1073 X AS27133_SARIMA,32.44,27.53,1.34
0,C1073 X AS27134_SARIMA,29.34,22.5,0.95
0,C1073 X AS27137_SARIMA,10.73,8.48,1.55
0,C1073 X AS27138_SARIMA,8.59,7.33,0.68
1,C1074 X AS27000_Holt-Winters 3,23.39,17.97,0.91
1,C1074 X AS27132_Holt-Winters 3,0.75,0.58,0.3
1,C1074 X AS27133_Holt-Winters 3,4.74,3.55,0.62
1,C1074 X AS27134_Holt-Winters 3,10.7,9.33,0.77
1,C1074 X AS27137_Holt-Winters 3,10.81,8.7,1.54
0,C1074 X AS27138_SARIMA,7.94,6.22,1.75
1,C1077 X AS17005_Holt-Winters 3,0.06,0.06,0.1
0,C1077 X AS21126_SARIMA,2.12,1.24,inf
1,C1077 X AS21126_Holt-Winters 3,5.24,3.0,inf
2,C1077 X AS21126_FB Prophet,5.24,3.0,inf
0,C1077 X AS27000_SARIMA,37.49,29.15,0.48
0,C1077 X AS27132_SARIMA,31.17,25.11,1.32
1,C1077 X AS27133_Holt-Winters 3,13.07,8.76,0.98
0,C1077 X AS27134_SARIMA,9.41,5.99,0.58
0,C1077 X AS27137_SARIMA,9.65,7.77,1.74
0,C1077 X AS27138_SARIMA,7.71,5.42,1.41
1,C1077 X AS46000_Holt-Winters 3,9.98,3.38,0.53
0,C1078 X AS27000_SARIMA,33.67,25.5,0.38
0,C1078 X AS27132_SARIMA,6.56,5.88,0.42
0,C1078 X AS27133_SARIMA,29.58,26.55,1.26
0,C1078 X AS27134_SARIMA,15.2,10.86,0.23
0,C1078 X AS27137_SARIMA,3.42,2.3,0.64
0,C1078 X AS27138_SARIMA,6.13,4.92,3.15
1,C1078 X AS42018_Holt-Winters 3,0.01,0.0,0.01
1,C1082 X AS27000_Holt-Winters 3,9.04,7.6,0.68
1,C1082 X AS27132_Holt-Winters 3,2.39,1.93,0.51
0,C1082 X AS27133_SARIMA,17.71,14.49,0.75
0,C1082 X AS27134_SARIMA,14.63,11.67,0.44
0,C1082 X AS27137_SARIMA,1.94,1.71,0.9
0,C1082 X AS27138_SARIMA,2.47,2.06,3.13
0,C1083 X AS27000_SARIMA,2.4,1.35,10.8
0,C1083 X AS27133_SARIMA,29.87,25.65,1.25
0,C1083 X AS27138_SARIMA,2.0,0.67,inf
1,C1083 X AS27138_Holt-Winters 3,2.58,1.24,inf
2,C1083 X AS27138_FB Prophet,2.6,1.22,inf
0,C1083 X AS46000_SARIMA,29.41,23.68,0.72
1,C1084 X AS17005_Holt-Winters 3,0.13,0.07,0.04
0,C1084 X AS27000_SARIMA,32.24,28.82,1.59
1,C1084 X AS27132_Holt-Winters 3,7.45,3.34,0.36
0,C1084 X AS27133_SARIMA,34.6,28.02,1.48
1,C1084 X AS27134_Holt-Winters 3,35.7,20.02,0.83
0,C1084 X AS27137_SARIMA,12.23,9.19,1.28
0,C1084 X AS27138_SARIMA,19.2,15.97,2.09
2,C1084 X AS27138_FB Prophet,19.85,15.92,2.09
0,C1086 X AS27000_SARIMA,57.25,51.63,1.02
2,C1086 X AS27132_FB Prophet,29.06,23.86,1.72
0,C1086 X AS27133_SARIMA,52.65,42.15,0.84
0,C1086 X AS27134_SARIMA,68.08,57.98,0.89
2,C1086 X AS27137_FB Prophet,15.37,10.2,4.03
0,C1086 X AS27138_SARIMA,7.5,6.42,1.36
1,C1087 X AS17005_Holt-Winters 3,0.02,0.02,0.02
0,C1087 X AS27000_SARIMA,30.78,28.06,0.53
0,C1087 X AS27132_SARIMA,3.5,2.59,1.4
0,C1087 X AS27133_SARIMA,79.29,59.71,2.01
0,C1087 X AS27134_SARIMA,18.74,13.6,0.57
0,C1087 X AS27137_SARIMA,4.82,3.56,1.02
0,C1087 X AS27138_SARIMA,25.9,17.96,11.73
0,C1087 X AS27139_SARIMA,0.0,0.0,0.0
1,C1087 X AS27139_Holt-Winters 3,0.0,0.0,0.0
0,C1087 X AS42018_SARIMA,5.16,3.23,2.88
0,C1087 X AS46000_SARIMA,0.0,0.0,0.0
0,C1088 X AS27000_SARIMA,17.69,14.72,0.44
1,C1088 X AS27132_Holt-Winters 3,11.02,9.53,0.29
0,C1088 X AS27133_SARIMA,145.26,124.81,1.07
1,C1088 X AS27134_Holt-Winters 3,57.56,48.32,0.37
2,C1088 X AS27137_FB Prophet,13.55,11.62,0.73
0,C1088 X AS27138_SARIMA,6.93,6.32,0.55
1,C1088 X AS46000_Holt-Winters 3,15.17,7.36,0.09
1,C1089 X AS27000_Holt-Winters 3,4.9,4.03,1.2
1,C1089 X AS27132_Holt-Winters 3,0.73,0.38,0.93
0,C1089 X AS27133_SARIMA,8.52,7.01,0.74
1,C1089 X AS27134_Holt-Winters 3,12.61,10.6,0.89
0,C1089 X AS27138_SARIMA,3.58,3.11,1.95
0,C1089 X AS27139_SARIMA,0.0,0.0,0.0
1,C1089 X AS27139_Holt-Winters 3,0.0,0.0,0.0
0,C1090 X AS27000_SARIMA,33.7,29.44,0.91
1,C1090 X AS27132_Holt-Winters 3,21.07,11.83,1.25
0,C1090 X AS27133_SARIMA,45.22,37.39,1.66
0,C1090 X AS27134_SARIMA,49.0,38.54,1.5
0,C1090 X AS27137_SARIMA,2.42,1.9,0.49
0,C1090 X AS27138_SARIMA,7.07,5.91,2.17
0,C1090 X AS46000_SARIMA,24.77,22.16,0.57
1,C1091 X AS27000_Holt-Winters 3,12.31,8.54,0.94
1,C1091 X AS27132_Holt-Winters 3,0.81,0.62,0.29
0,C1091 X AS27133_SARIMA,34.24,31.04,1.55
0,C1091 X AS27137_SARIMA,15.07,11.05,2.46
0,C1091 X AS27138_SARIMA,5.21,3.54,1.32
1,C1092 X AS27000_Holt-Winters 3,9.43,7.01,0.31
1,C1092 X AS27132_Holt-Winters 3,4.52,2.34,0.49
0,C1092 X AS27133_SARIMA,55.82,51.96,1.51
0,C1092 X AS27134_SARIMA,19.46,13.87,0.41
1,C1092 X AS27137_Holt-Winters 3,6.07,3.29,0.91
1,C1092 X AS27139_Holt-Winters 3,17.07,8.01,2.85
1,C1092 X AS46000_Holt-Winters 3,21.77,14.78,0.82
0,C1093 X AS27000_SARIMA,4.8,4.07,0.82
0,C1093 X AS27133_SARIMA,14.19,10.39,0.82
1,C1093 X AS27134_Holt-Winters 3,10.02,6.52,0.26
0,C1093 X AS46000_SARIMA,1.68,1.08,0.06
0,C1094 X AS27000_SARIMA,213.04,139.71,inf
1,C1094 X AS27000_Holt-Winters 3,220.06,111.15,inf
2,C1094 X AS27000_FB Prophet,220.04,111.11,inf
0,C1094 X AS27137_SARIMA,1.0,0.69,inf
1,C1094 X AS27137_Holt-Winters 3,1.49,1.34,inf
2,C1094 X AS27137_FB Prophet,2.11,1.78,inf
0,C1094 X AS27138_SARIMA,11.1,7.97,inf
1,C1094 X AS27138_Holt-Winters 3,18.64,16.46,inf
2,C1094 X AS27138_FB Prophet,27.62,23.56,inf
1,C1095 X AS27000_Holt-Winters 3,5.28,3.51,0.68
1,C1095 X AS27132_Holt-Winters 3,0.45,0.34,0.1
0,C1095 X AS27133_SARIMA,17.57,17.16,0.94
1,C1095 X AS27134_Holt-Winters 3,1.6,1.25,0.22
1,C1095 X AS27137_Holt-Winters 3,12.27,7.73,1.18
1,C1095 X AS27138_Holt-Winters 3,4.1,3.19,1.21
1,C1098 X AS17005_Holt-Winters 3,0.05,0.04,0.05
0,C1098 X AS27000_SARIMA,10.03,7.95,0.83
1,C1098 X AS27132_Holt-Winters 3,1.56,0.88,1.28
0,C1098 X AS27133_SARIMA,11.76,7.49,29.97
0,C1098 X AS27134_SARIMA,0.0,0.0,0.0
0,C1098 X AS27137_SARIMA,4.42,2.94,inf
1,C1098 X AS27137_Holt-Winters 3,6.41,3.67,inf
2,C1098 X AS27137_FB Prophet,6.4,3.67,inf
0,C1098 X AS27138_SARIMA,5.43,3.73,inf
1,C1098 X AS27138_Holt-Winters 3,6.35,5.36,inf
2,C1098 X AS27138_FB Prophet,7.2,4.44,inf
0,C1099 X AS27000_SARIMA,10.14,3.89,inf
1,C1099 X AS27000_Holt-Winters 3,17.1,15.02,inf
2,C1099 X AS27000_FB Prophet,18.33,10.56,inf
0,C1099 X AS27132_SARIMA,1.36,0.58,inf
1,C1099 X AS27132_Holt-Winters 3,2.36,2.25,inf
2,C1099 X AS27132_FB Prophet,2.92,1.67,inf
0,C1099 X AS27133_SARIMA,33.33,11.11,inf
1,C1099 X AS27133_Holt-Winters 3,62.61,28.95,inf
2,C1099 X AS27133_FB Prophet,62.61,28.78,inf
0,C1099 X AS27134_SARIMA,27.54,12.49,inf
1,C1099 X AS27134_Holt-Winters 3,27.95,11.16,inf
2,C1099 X AS27134_FB Prophet,27.98,11.11,inf
0,C1099 X AS27137_SARIMA,10.0,3.33,inf
1,C1099 X AS27137_Holt-Winters 3,11.9,10.26,inf
2,C1099 X AS27137_FB Prophet,13.44,7.22,inf
0,C1099 X AS27138_SARIMA,21.98,13.97,148.98
0,C1099 X AS42018_SARIMA,6.01,2.43,inf
1,C1099 X AS42018_Holt-Winters 3,6.02,2.25,inf
2,C1099 X AS42018_FB Prophet,6.04,2.22,inf
0,C1101 X AS27000_SARIMA,7.21,5.56,0.99
1,C1101 X AS27132_Holt-Winters 3,0.99,0.42,0.39
0,C1101 X AS27133_SARIMA,7.55,5.46,8.32
0,C1101 X AS27134_SARIMA,2.06,1.65,0.65
0,C1101 X AS27137_SARIMA,1.26,1.03,2.19
0,C1101 X AS27139_SARIMA,0.0,0.0,0.0
1,C1101 X AS27139_Holt-Winters 3,0.0,0.0,0.0
1,C1106 X AS27000_Holt-Winters 3,5.97,3.0,0.71
1,C1106 X AS27132_Holt-Winters 3,1.21,0.82,0.27
0,C1106 X AS27133_SARIMA,0.0,0.0,0.0
1,C1106 X AS27134_Holt-Winters 3,10.76,7.84,1.22
0,C1112 X AS27000_SARIMA,5.94,5.32,0.44
1,C1112 X AS27132_Holt-Winters 3,3.44,1.46,0.76
0,C1112 X AS27133_SARIMA,22.08,16.14,0.53
1,C1112 X AS27134_Holt-Winters 3,3.36,1.24,0.06
1,C1112 X AS27137_Holt-Winters 3,6.46,2.52,0.29
0,C1112 X AS27138_SARIMA,7.07,5.33,0.99
1,C1112 X AS27139_Holt-Winters 3,2.32,0.82,0.84
0,C1112 X AS42018_SARIMA,0.0,0.0,0.0
1,C1112 X AS46000_Holt-Winters 3,26.71,14.88,0.67
0,C1144 X AS27000_SARIMA,7.24,5.96,2.1
1,C1144 X AS27132_Holt-Winters 3,12.09,4.68,3.74
0,C1144 X AS27133_SARIMA,17.72,14.14,2.09
0,C1144 X AS27134_SARIMA,5.93,4.63,0.79
0,C1144 X AS27138_SARIMA,2.91,2.21,1.81
1,C1144 X AS46000_Holt-Winters 3,6.13,4.36,0.97
1,C1399 X AS27000_Holt-Winters 3,14.28,12.26,0.48
0,C1399 X AS27132_SARIMA,7.76,5.35,0.53
0,C1399 X AS27133_SARIMA,42.72,29.85,0.71
1,C1399 X AS27134_Holt-Winters 3,9.12,6.23,0.24
0,C1399 X AS27137_SARIMA,2.11,1.32,0.77
1,C1399 X AS27138_Holt-Winters 3,0.19,0.18,0.07
1,C1411 X AS27000_Holt-Winters 3,40.87,31.39,0.54
2,C1411 X AS27132_FB Prophet,8.88,6.5,0.56
1,C1411 X AS27133_Holt-Winters 3,24.95,19.39,0.89
1,C1411 X AS27134_Holt-Winters 3,0.28,0.25,0.07
0,C1411 X AS27137_SARIMA,4.97,4.03,1.08
2,C1411 X AS27138_FB Prophet,15.7,9.51,2.62
0,C1411 X AS27139_SARIMA,0.03,0.02,0.06
0,C1411 X AS42018_SARIMA,1.67,0.59,inf
1,C1411 X AS42018_Holt-Winters 3,1.67,0.56,inf
2,C1411 X AS42018_FB Prophet,1.67,0.56,inf
1,C1413 X AS27000_Holt-Winters 3,16.37,15.57,0.65
1,C1413 X AS27132_Holt-Winters 3,6.34,3.28,0.62
0,C1413 X AS27133_SARIMA,6.13,5.39,0.37
1,C1413 X AS27134_Holt-Winters 3,6.0,4.17,0.57
0,C1413 X AS27138_SARIMA,3.28,2.27,3.63
1,C1679 X AS27000_Holt-Winters 3,2.27,1.73,0.74
0,C1679 X AS27133_SARIMA,4.67,3.68,0.68
1,C1679 X AS27134_Holt-Winters 3,23.43,9.21,0.95
0,C1679 X AS46000_SARIMA,13.42,9.86,3.15
0,C1681 X AS17005_SARIMA,0.0,0.0,0.0
0,C1681 X AS27000_SARIMA,17.52,12.13,1.22
1,C1681 X AS27132_Holt-Winters 3,8.28,5.71,1.52
2,C1681 X AS27133_FB Prophet,102.18,60.54,3.15
1,C1681 X AS27134_Holt-Winters 3,33.3,11.28,0.45
1,C1681 X AS27137_Holt-Winters 3,0.97,0.89,0.23
1,C1681 X AS27138_Holt-Winters 3,42.49,26.94,13.06
0,C1745 X AS27133_SARIMA,6.08,3.74,inf
1,C1745 X AS27133_Holt-Winters 3,11.2,5.09,inf
2,C1745 X AS27133_FB Prophet,11.05,4.33,inf
0,C1745 X AS27134_SARIMA,0.67,0.22,inf
1,C1745 X AS27134_Holt-Winters 3,16.68,5.78,inf
2,C1745 X AS27134_FB Prophet,16.68,5.78,inf
0,C1745 X AS27137_SARIMA,3.03,1.43,inf
1,C1745 X AS27137_Holt-Winters 3,3.35,1.81,inf
2,C1745 X AS27137_FB Prophet,3.35,1.67,inf
0,C1745 X AS27138_SARIMA,4.04,2.06,inf
1,C1745 X AS27138_Holt-Winters 3,4.15,1.92,inf
2,C1745 X AS27138_FB Prophet,4.23,1.89,inf
0,C1745 X AS46000_SARIMA,48.0,16.0,inf
1,C1745 X AS46000_Holt-Winters 3,47.96,16.09,inf
2,C1745 X AS46000_FB Prophet,48.0,16.0,inf
0,C2002 X AS27000_SARIMA,9.87,8.23,0.79
1,C2002 X AS27000_Holt-Winters 3,10.36,8.28,0.79
1,C2002 X AS27132_Holt-Winters 3,1.46,1.09,0.43
0,C2002 X AS27133_SARIMA,27.6,22.78,1.85
1,C2002 X AS27137_Holt-Winters 3,7.14,3.65,1.22
0,C2002 X AS27138_SARIMA,9.73,7.7,1.37
0,C2002 X AS42018_SARIMA,0.52,0.42,inf
1,C2002 X AS42018_Holt-Winters 3,0.57,0.34,inf
2,C2002 X AS42018_FB Prophet,0.58,0.33,inf
0,C2002 X AS46000_SARIMA,28.83,11.79,inf
1,C2002 X AS46000_Holt-Winters 3,31.92,16.01,inf
2,C2002 X AS46000_FB Prophet,31.92,16.0,inf
1,C2003 X AS27000_Holt-Winters 3,11.72,9.29,1.0
1,C2003 X AS27132_Holt-Winters 3,15.66,12.22,0.61
0,C2003 X AS27133_SARIMA,13.86,9.49,0.67
0,C2003 X AS27137_SARIMA,21.59,16.54,1.32
1,C2003 X AS27138_Holt-Winters 3,2.58,1.25,2.0
0,C2004 X AS27000_SARIMA,18.67,14.61,1.34
0,C2004 X AS27132_SARIMA,2.37,2.15,1.09
0,C2004 X AS27133_SARIMA,29.15,22.88,1.51
0,C2004 X AS27134_SARIMA,6.74,5.25,1.02
0,C2004 X AS27137_SARIMA,4.28,2.65,1.29
0,C2004 X AS27138_SARIMA,4.06,3.24,1.38
0,C2005 X AS27000_SARIMA,96.3,72.03,0.94
0,C2005 X AS27133_SARIMA,120.2,98.55,1.54
1,C2005 X AS27134_Holt-Winters 3,21.41,14.88,0.36
0,C2005 X AS27137_SARIMA,15.88,13.07,2.22
0,C2006 X AS27000_SARIMA,30.05,24.03,0.22
1,C2006 X AS27132_Holt-Winters 3,5.53,4.73,0.28
2,C2006 X AS27133_FB Prophet,72.9,54.38,1.0
0,C2006 X AS27134_SARIMA,40.32,29.9,0.98
0,C2006 X AS27137_SARIMA,7.83,6.15,2.19
0,C2006 X AS27138_SARIMA,6.64,4.88,2.6
1,C2006 X AS27139_Holt-Winters 3,0.05,0.05,0.02
0,C2006 X AS46000_SARIMA,40.68,30.26,0.88
1,C2007 X AS27000_Holt-Winters 3,13.79,9.0,0.38
1,C2007 X AS27132_Holt-Winters 3,30.14,13.87,0.74
1,C2007 X AS27133_Holt-Winters 3,24.09,13.98,0.49
0,C2007 X AS27134_SARIMA,8.67,6.98,1.06
1,C2007 X AS27137_Holt-Winters 3,21.85,11.41,1.12
0,C2008 X AS27000_SARIMA,0.89,0.6,1.93
1,C2008 X AS27132_Holt-Winters 3,1.47,0.69,2.22
1,C2008 X AS27133_Holt-Winters 3,14.1,8.5,1.81
0,C2008 X AS27137_SARIMA,11.4,9.36,1.35
0,C2008 X AS27138_SARIMA,15.21,12.98,1.6
0,C2008 X AS27139_SARIMA,0.0,0.0,0.0
1,C2008 X AS46000_Holt-Winters 3,23.81,16.92,0.65
1,C2009 X AS17005_Holt-Winters 3,32.31,10.82,57.73
0,C2009 X AS27000_SARIMA,12.59,8.73,0.31
1,C2009 X AS27132_Holt-Winters 3,3.67,2.35,0.2
0,C2009 X AS27133_SARIMA,21.66,18.43,1.24
1,C2009 X AS27134_Holt-Winters 3,0.06,0.06,0.05
1,C2009 X AS27137_Holt-Winters 3,0.1,0.1,0.08
1,C2009 X AS27138_Holt-Winters 3,1.89,1.54,1.03
0,C2010 X AS17005_SARIMA,3.01,1.19,inf
1,C2010 X AS17005_Holt-Winters 3,4.18,2.08,inf
2,C2010 X AS17005_FB Prophet,4.24,2.0,inf
0,C2010 X AS27000_SARIMA,4.32,3.75,1.0
0,C2010 X AS27132_SARIMA,4.28,3.4,1.65
0,C2010 X AS27133_SARIMA,22.81,19.93,1.81
0,C2010 X AS27134_SARIMA,11.46,8.53,3.64
0,C2010 X AS27137_SARIMA,2.93,2.5,0.95
0,C2010 X AS27138_SARIMA,3.65,3.16,1.45
0,C2010 X AS46000_SARIMA,34.3,29.94,1.13
1,C2011 X AS17005_Holt-Winters 3,0.23,0.21,0.05
1,C2011 X AS27000_Holt-Winters 3,116.64,82.75,1.27
0,C2011 X AS27133_SARIMA,72.35,61.38,3.02
1,C2011 X AS27134_Holt-Winters 3,6.81,5.62,0.14
1,C2011 X AS27137_Holt-Winters 3,18.89,13.6,1.38
1,C2011 X AS27138_Holt-Winters 3,115.96,73.06,4.58
1,C2011 X AS27139_Holt-Winters 3,0.03,0.03,0.03
1,C2011 X AS42018_Holt-Winters 3,10.75,4.52,8.04
0,C2011 X AS46000_SARIMA,18.99,14.76,0.63
1,C2015 X AS27000_Holt-Winters 3,4.61,3.88,0.71
0,C2015 X AS27133_SARIMA,7.0,5.82,0.59
0,C2015 X AS27134_SARIMA,6.13,5.42,1.67
0,C2015 X AS27137_SARIMA,3.92,3.27,0.5
0,C2015 X AS27138_SARIMA,3.35,2.3,1.63
0,C2016 X AS27000_SARIMA,18.47,14.6,0.47
1,C2016 X AS27133_Holt-Winters 3,41.64,34.47,1.15
0,C2016 X AS27134_SARIMA,7.13,6.01,0.15
0,C2017 X AS27000_SARIMA,1.25,1.09,0.69
1,C2017 X AS27132_Holt-Winters 3,1.95,1.02,8.13
0,C2017 X AS27133_SARIMA,14.63,9.35,2.58
0,C2017 X AS27138_SARIMA,5.42,4.34,0.79
0,C2017 X AS46000_SARIMA,0.37,0.19,1.19
0,C2041 X AS27000_SARIMA,6.57,4.79,0.63
1,C2041 X AS27132_Holt-Winters 3,0.61,0.5,0.2
0,C2041 X AS27133_SARIMA,20.86,19.23,1.42
1,C2041 X AS27137_Holt-Winters 3,7.95,6.93,0.8
0,C2041 X AS27138_SARIMA,2.71,2.2,inf
1,C2041 X AS27138_Holt-Winters 3,4.68,3.89,inf
2,C2041 X AS27138_FB Prophet,4.68,3.89,inf
0,C2047 X AS27000_SARIMA,5.5,4.34,1.04
0,C2047 X AS27133_SARIMA,18.38,15.42,1.7
1,C2047 X AS27134_Holt-Winters 3,3.36,1.74,0.13
1,C2047 X AS27137_Holt-Winters 3,2.72,2.29,0.54
0,C2047 X AS27138_SARIMA,4.05,3.5,1.15
1,C2047 X AS27139_Holt-Winters 3,0.21,0.18,0.11
0,C2049 X AS27000_SARIMA,6.58,5.35,0.77
1,C2049 X AS27132_Holt-Winters 3,0.04,0.03,0.08
0,C2049 X AS27133_SARIMA,36.51,29.36,1.49
1,C2049 X AS27134_Holt-Winters 3,1.72,1.11,0.17
0,C2049 X AS27137_SARIMA,2.65,1.96,0.44
1,C2049 X AS27138_Holt-Winters 3,8.38,5.63,0.74
0,C2049 X AS27139_SARIMA,0.0,0.0,0.0
1,C2049 X AS46000_Holt-Winters 3,19.02,6.73,0.69
1,C2050 X AS27000_Holt-Winters 3,3.34,2.82,0.26
1,C2050 X AS27132_Holt-Winters 3,2.26,1.41,0.14
1,C2050 X AS27133_Holt-Winters 3,8.64,3.82,4.89
0,C2050 X AS27134_SARIMA,4.75,4.01,0.41
0,C2050 X AS27137_SARIMA,0.05,0.04,0.24
0,C2050 X AS27138_SARIMA,1.71,1.02,0.74
0,C2050 X AS46000_SARIMA,48.06,17.12,inf
1,C2050 X AS46000_Holt-Winters 3,47.96,16.09,inf
2,C2050 X AS46000_FB Prophet,48.0,16.0,inf
1,C2051 X AS17005_Holt-Winters 3,0.0,0.0,0.0
0,C2051 X AS27000_SARIMA,28.26,19.08,1.62
1,C2051 X AS27132_Holt-Winters 3,0.33,0.19,0.01
0,C2051 X AS27133_SARIMA,11.76,8.75,0.75
1,C2051 X AS27134_Holt-Winters 3,1.75,0.84,0.09
1,C2051 X AS27137_Holt-Winters 3,2.74,1.14,0.8
1,C2051 X AS27138_Holt-Winters 3,2.52,1.16,1.69
1,C2052 X AS27000_Holt-Winters 3,4.62,2.25,0.37
1,C2052 X AS27132_Holt-Winters 3,0.06,0.05,0.01
1,C2052 X AS27133_Holt-Winters 3,14.02,8.25,0.98
1,C2052 X AS27134_Holt-Winters 3,0.23,0.19,0.01
0,C2053 X AS27000_SARIMA,11.45,9.17,0.6
1,C2053 X AS27132_Holt-Winters 3,17.84,10.68,0.6
0,C2053 X AS27133_SARIMA,23.02,19.61,0.63
0,C2053 X AS27134_SARIMA,47.31,36.87,1.06
1,C2053 X AS27137_Holt-Winters 3,2.67,1.92,0.92
1,C2053 X AS27138_Holt-Winters 3,1.24,0.88,1.76
1,C2055 X AS17005_Holt-Winters 3,14.97,5.06,26.98
1,C2055 X AS27000_Holt-Winters 3,5.6,4.68,0.41
1,C2055 X AS27132_Holt-Winters 3,2.02,1.34,0.26
0,C2055 X AS27133_SARIMA,16.73,13.93,1.69
0,C2055 X AS27134_SARIMA,43.6,18.28,4.12
1,C2055 X AS27137_Holt-Winters 3,2.58,1.41,0.67
0,C2055 X AS27138_SARIMA,7.84,6.23,6.23
0,C2055 X AS27139_SARIMA,0.0,0.0,0.0
0,C2056 X AS17005_SARIMA,0.69,0.28,1.48
0,C2056 X AS27000_SARIMA,26.34,22.08,0.68
0,C2056 X AS27132_SARIMA,20.16,15.0,1.18
0,C2056 X AS27133_SARIMA,30.47,24.72,1.43
0,C2056 X AS27134_SARIMA,14.84,11.89,0.89
0,C2056 X AS27137_SARIMA,13.08,11.08,0.86
0,C2056 X AS27138_SARIMA,10.85,7.64,3.39
0,C2056 X AS27139_SARIMA,0.0,0.0,0.0
1,C2056 X AS27139_Holt-Winters 3,0.0,0.0,0.0
1,C2056 X AS46000_Holt-Winters 3,1.68,0.67,0.1
0,C2057 X AS27000_SARIMA,11.3,9.35,0.88
0,C2057 X AS27132_SARIMA,1.38,1.09,0.4
0,C2057 X AS27133_SARIMA,23.07,18.18,0.91
1,C2057 X AS27134_Holt-Winters 3,5.97,4.06,0.34
0,C2057 X AS27138_SARIMA,2.85,1.8,inf
1,C2057 X AS27138_Holt-Winters 3,3.03,1.74,inf
2,C2057 X AS27138_FB Prophet,3.09,1.78,inf
0,C2059 X AS27000_SARIMA,11.68,8.82,0.82
1,C2059 X AS27132_Holt-Winters 3,2.66,0.92,0.92
2,C2059 X AS27133_FB Prophet,18.77,15.0,1.63
2,C2059 X AS27137_FB Prophet,9.45,6.54,1.74
0,C2059 X AS27138_SARIMA,8.47,7.05,2.35
0,C2060 X AS27000_SARIMA,5.69,5.15,0.5
1,C2060 X AS27132_Holt-Winters 3,4.28,3.67,0.77
0,C2060 X AS27133_SARIMA,40.89,28.29,1.6
0,C2060 X AS27134_SARIMA,10.24,6.75,0.37
0,C2060 X AS27138_SARIMA,7.14,6.14,3.38
1,C2060 X AS27139_Holt-Winters 3,0.1,0.07,0.04
0,C2060 X AS46000_SARIMA,24.34,18.02,0.25
0,C2061 X AS27000_SARIMA,9.13,6.89,1.31
0,C2061 X AS27132_SARIMA,1.09,0.94,inf
1,C2061 X AS27132_Holt-Winters 3,1.15,0.69,inf
2,C2061 X AS27132_FB Prophet,1.15,0.67,inf
1,C2061 X AS27133_Holt-Winters 3,12.7,9.62,1.42
0,C2061 X AS27138_SARIMA,9.4,8.38,1.78
0,C2062 X AS27000_SARIMA,8.33,6.91,0.56
1,C2062 X AS27132_Holt-Winters 3,10.58,4.08,2.51
0,C2062 X AS27133_SARIMA,11.12,8.03,0.73
1,C2062 X AS27134_Holt-Winters 3,13.32,9.16,1.02
0,C2062 X AS27137_SARIMA,3.99,3.3,0.73
1,C2062 X AS27138_Holt-Winters 3,2.66,1.72,0.47
0,C2062 X AS27139_SARIMA,0.0,0.0,0.0
0,C2063 X AS27000_SARIMA,17.76,15.62,0.69
0,C2063 X AS27132_SARIMA,3.26,2.56,0.72
0,C2063 X AS27133_SARIMA,61.64,52.67,1.67
1,C2063 X AS27134_Holt-Winters 3,16.58,14.2,1.25
0,C2063 X AS27137_SARIMA,14.36,12.01,3.52
1,C2063 X AS27138_Holt-Winters 3,14.05,12.31,3.1
1,C2064 X AS27000_Holt-Winters 3,70.15,63.91,0.51
1,C2064 X AS27132_Holt-Winters 3,11.41,7.43,0.47
0,C2064 X AS27133_SARIMA,198.17,126.21,1.94
1,C2064 X AS27134_Holt-Winters 3,12.63,9.27,0.28
0,C2064 X AS27137_SARIMA,21.6,16.9,0.8
0,C2064 X AS27138_SARIMA,29.44,22.34,0.63
0,C2064 X AS27139_SARIMA,0.0,0.0,0.0
1,C2064 X AS46000_Holt-Winters 3,0.01,0.01,0.0
1,C2065 X AS17005_Holt-Winters 3,0.03,0.01,0.11
0,C2065 X AS27000_SARIMA,15.63,11.23,0.38
0,C2065 X AS27132_SARIMA,7.49,5.66,0.7
0,C2065 X AS27133_SARIMA,17.23,14.23,1.11
1,C2065 X AS27134_Holt-Winters 3,7.77,6.73,0.56
1,C2065 X AS27137_Holt-Winters 3,0.45,0.25,0.57
0,C2065 X AS27138_SARIMA,1.3,1.14,1.01
1,C2065 X AS27139_Holt-Winters 3,0.04,0.04,0.04
1,C2065 X AS46000_Holt-Winters 3,62.21,36.32,1.76
0,C2066 X AS27000_SARIMA,13.25,9.48,0.88
0,C2066 X AS27133_SARIMA,39.52,30.66,0.69
1,C2066 X AS27134_Holt-Winters 3,45.86,21.8,0.56
0,C2066 X AS27137_SARIMA,12.82,10.97,0.86
0,C2066 X AS27138_SARIMA,8.58,5.89,1.11
1,C2066 X AS46000_Holt-Winters 3,0.06,0.04,0.0
0,C2068 X AS27000_SARIMA,6.62,5.11,0.56
1,C2068 X AS27132_Holt-Winters 3,1.16,0.82,0.22
0,C2068 X AS27133_SARIMA,17.51,12.55,2.49
1,C2068 X AS27134_Holt-Winters 3,5.51,4.25,1.53
0,C2068 X AS27137_SARIMA,1.34,1.02,1.81
0,C2068 X AS27138_SARIMA,2.66,1.67,2.23
1,C2068 X AS27139_Holt-Winters 3,0.01,0.01,0.01
0,C2069 X AS27000_SARIMA,69.04,54.31,0.75
1,C2069 X AS27132_Holt-Winters 3,4.95,3.74,0.09
0,C2069 X AS27133_SARIMA,81.81,65.02,2.29
0,C2069 X AS27134_SARIMA,43.97,37.01,1.16
0,C2069 X AS27137_SARIMA,17.25,11.21,2.1
0,C2069 X AS27138_SARIMA,5.15,4.23,2.51
1,C2070 X AS27000_Holt-Winters 3,3.22,2.49,0.85
1,C2070 X AS27132_Holt-Winters 3,1.23,1.06,0.5
0,C2070 X AS27133_SARIMA,21.89,17.32,0.78
1,C2070 X AS27134_Holt-Winters 3,1.17,0.87,0.33
0,C2070 X AS27137_SARIMA,5.46,5.03,0.76
1,C2070 X AS27138_Holt-Winters 3,6.58,4.86,3.11
1,C2070 X AS46000_Holt-Winters 3,23.19,19.23,0.6
1,C2071 X AS27000_Holt-Winters 3,5.78,2.62,0.73
0,C2071 X AS27132_SARIMA,0.0,0.0,0.0
1,C2071 X AS27133_Holt-Winters 3,11.3,8.06,1.05
1,C2071 X AS27134_Holt-Winters 3,6.89,2.92,0.25
1,C2071 X AS27137_Holt-Winters 3,1.77,1.0,31.96
0,C2071 X AS27138_SARIMA,7.79,5.57,1.46
0,C2071 X AS27139_SARIMA,25.46,20.23,1.42
0,C2071 X AS46000_SARIMA,12.89,9.68,0.41
1,C2127 X AS27000_Holt-Winters 3,8.03,5.65,1.31
1,C2127 X AS27132_Holt-Winters 3,1.97,1.61,0.54
1,C2127 X AS27133_Holt-Winters 3,62.48,46.74,1.15
2,C2127 X AS27134_FB Prophet,95.34,79.22,1.15
0,C2127 X AS27137_SARIMA,12.61,9.27,2.21
0,C2127 X AS27138_SARIMA,18.45,12.97,inf
1,C2127 X AS27138_Holt-Winters 3,44.14,39.53,inf
2,C2127 X AS27138_FB Prophet,31.13,22.33,inf
0,C2127 X AS27139_SARIMA,0.0,0.0,0.0
0,C2127 X AS42018_SARIMA,3.69,2.04,inf
1,C2127 X AS42018_Holt-Winters 3,3.69,1.91,inf
2,C2127 X AS42018_FB Prophet,3.76,1.89,inf
0,C2131 X AS27000_SARIMA,3.15,2.4,0.51
2,C2131 X AS27133_FB Prophet,20.32,14.82,1.63
0,C2131 X AS27134_SARIMA,0.0,0.0,0.0
0,C2131 X AS27137_SARIMA,5.93,4.99,1.66
0,C2131 X AS27138_SARIMA,5.97,5.04,0.97
0,C2131 X AS27139_SARIMA,0.0,0.0,0.0
0,C2168 X AS17005_SARIMA,0.67,0.22,inf
1,C2168 X AS17005_Holt-Winters 3,0.67,0.22,inf
2,C2168 X AS17005_FB Prophet,0.67,0.22,inf
1,C2168 X AS27000_Holt-Winters 3,1.29,0.63,0.63
1,C2168 X AS27132_Holt-Winters 3,0.67,0.26,1.38
0,C2168 X AS27133_SARIMA,13.54,10.74,1.05
1,C2168 X AS27134_Holt-Winters 3,7.68,3.04,1.25
1,C2168 X AS27137_Holt-Winters 3,2.08,1.06,1.0
0,C2168 X AS27138_SARIMA,0.33,0.13,inf
1,C2168 X AS27138_Holt-Winters 3,0.75,0.36,inf
2,C2168 X AS27138_FB Prophet,0.75,0.33,inf
0,C2168 X AS27139_SARIMA,0.0,0.0,0.0
0,C2168 X AS42018_SARIMA,0.33,0.13,inf
1,C2168 X AS42018_Holt-Winters 3,0.33,0.11,inf
2,C2168 X AS42018_FB Prophet,0.33,0.11,inf
0,C2168 X AS46000_SARIMA,44.0,14.67,inf
1,C2168 X AS46000_Holt-Winters 3,69.08,50.44,inf
2,C2168 X AS46000_FB Prophet,65.24,32.0,inf
0,C2194 X AS27000_SARIMA,6.46,4.93,inf
1,C2194 X AS27000_Holt-Winters 3,12.53,10.44,inf
2,C2194 X AS27000_FB Prophet,12.53,10.44,inf
0,C2194 X AS27132_SARIMA,0.33,0.13,inf
1,C2194 X AS27132_Holt-Winters 3,0.33,0.11,inf
2,C2194 X AS27132_FB Prophet,0.33,0.11,inf
0,C2194 X AS27133_SARIMA,8.23,6.88,inf
1,C2194 X AS27133_Holt-Winters 3,10.95,8.33,inf
2,C2194 X AS27133_FB Prophet,10.95,8.33,inf
0,C2194 X AS27137_SARIMA,5.7,4.32,inf
1,C2194 X AS27137_Holt-Winters 3,13.98,12.95,inf
2,C2194 X AS27137_FB Prophet,9.48,7.33,inf
0,C2194 X AS27138_SARIMA,3.99,2.26,inf
1,C2194 X AS27138_Holt-Winters 3,4.54,2.96,inf
2,C2194 X AS27138_FB Prophet,4.51,2.78,inf
0,C2214 X AS27000_SARIMA,4.11,2.8,inf
1,C2214 X AS27000_Holt-Winters 3,10.46,8.66,inf
2,C2214 X AS27000_FB Prophet,10.77,7.0,inf
0,C2214 X AS27133_SARIMA,16.12,11.28,inf
1,C2214 X AS27133_Holt-Winters 3,36.15,33.12,inf
2,C2214 X AS27133_FB Prophet,30.35,23.89,inf
0,C2214 X AS27138_SARIMA,4.37,2.14,inf
1,C2214 X AS27138_Holt-Winters 3,8.77,6.57,inf
2,C2214 X AS27138_FB Prophet,9.08,6.67,inf
0,C3001 X AS27000_SARIMA,6.44,5.76,1.3
0,C3001 X AS27132_SARIMA,11.05,6.17,2.41
2,C3001 X AS27133_FB Prophet,35.88,19.24,6.41
1,C3001 X AS27134_Holt-Winters 3,24.87,11.2,3.23
1,C3010 X AS27000_Holt-Winters 3,1.75,1.15,0.28
1,C3010 X AS27132_Holt-Winters 3,2.62,1.71,0.69
0,C3010 X AS27133_SARIMA,26.86,19.87,0.79
0,C3010 X AS27134_SARIMA,17.52,13.79,0.84
2,C3010 X AS27137_FB Prophet,9.29,7.73,2.75
0,C3010 X AS27138_SARIMA,4.54,4.14,4.41
0,C3010 X AS27139_SARIMA,0.0,0.0,0.0
0,C3011 X AS27000_SARIMA,23.98,15.83,0.82
0,C3011 X AS27133_SARIMA,45.94,36.66,1.64
1,C3011 X AS27137_Holt-Winters 3,1.45,1.28,0.24
1,C3011 X AS27138_Holt-Winters 3,7.55,6.18,0.77
0,C3012 X AS27000_SARIMA,9.65,8.57,0.57
0,C3012 X AS27132_SARIMA,2.71,1.79,inf
1,C3012 X AS27132_Holt-Winters 3,3.05,1.69,inf
2,C3012 X AS27132_FB Prophet,3.14,1.67,inf
0,C3012 X AS27133_SARIMA,41.32,33.97,1.95
1,C3012 X AS27134_Holt-Winters 3,36.78,16.82,2.69
1,C3012 X AS27137_Holt-Winters 3,6.16,4.47,3.04
0,C3012 X AS27138_SARIMA,9.76,7.61,1.62
1,C3012 X AS27139_Holt-Winters 3,2.87,1.54,0.36
0,C3013 X AS27000_SARIMA,4.14,2.99,0.69
0,C3013 X AS27132_SARIMA,0.59,0.46,0.57
1,C3013 X AS27133_Holt-Winters 3,26.05,20.04,0.87
0,C3013 X AS27134_SARIMA,7.25,6.66,0.64
1,C3013 X AS27137_Holt-Winters 3,5.5,4.31,0.62
0,C3013 X AS27138_SARIMA,16.45,14.86,1.48
1,C3013 X AS46000_Holt-Winters 3,13.83,6.12,0.35
0,C3014 X AS27000_SARIMA,1.73,1.44,1.85
0,C3014 X AS27133_SARIMA,11.72,9.63,2.8
1,C3014 X AS27134_Holt-Winters 3,14.6,8.36,1.65
0,C3014 X AS27137_SARIMA,4.38,3.45,0.93
0,C3014 X AS27138_SARIMA,0.0,0.0,0.0
1,C3015 X AS27000_Holt-Winters 3,3.05,2.53,0.7
1,C3015 X AS27132_Holt-Winters 3,0.49,0.32,0.11
1,C3015 X AS27133_Holt-Winters 3,22.11,17.96,0.68
1,C3015 X AS27134_Holt-Winters 3,16.91,11.53,0.45
0,C3015 X AS27137_SARIMA,2.0,1.76,0.81
0,C3015 X AS27138_SARIMA,2.87,2.37,1.55
0,C3016 X AS27000_SARIMA,1.67,0.56,inf
1,C3016 X AS27000_Holt-Winters 3,2.61,1.28,inf
2,C3016 X AS27000_FB Prophet,2.6,1.22,inf
0,C3016 X AS27132_SARIMA,1.0,0.33,inf
1,C3016 X AS27132_Holt-Winters 3,1.0,0.33,inf
2,C3016 X AS27132_FB Prophet,1.0,0.33,inf
0,C3016 X AS27133_SARIMA,16.87,6.75,inf
1,C3016 X AS27133_Holt-Winters 3,27.74,21.49,inf
2,C3016 X AS27133_FB Prophet,31.18,16.67,inf
0,C3016 X AS27137_SARIMA,6.67,2.22,inf
1,C3016 X AS27137_Holt-Winters 3,6.58,2.38,inf
2,C3016 X AS27137_FB Prophet,6.67,2.22,inf
1,C3017 X AS27000_Holt-Winters 3,9.77,8.32,1.1
1,C3017 X AS27132_Holt-Winters 3,3.22,2.94,0.33
0,C3017 X AS27133_SARIMA,26.83,21.95,1.18
1,C3017 X AS27134_Holt-Winters 3,2.21,1.79,0.35
2,C3017 X AS27137_FB Prophet,11.64,9.03,1.03
0,C3017 X AS27138_SARIMA,9.93,7.69,1.53
0,C3017 X AS46000_SARIMA,19.51,15.06,0.48
1,C3018 X AS27000_Holt-Winters 3,1.75,1.35,0.76
1,C3018 X AS27132_Holt-Winters 3,0.45,0.35,0.26
0,C3018 X AS27133_SARIMA,16.03,14.22,0.79
0,C3018 X AS27134_SARIMA,3.68,3.01,3.71
0,C3018 X AS27137_SARIMA,4.09,3.55,1.19
0,C3019 X AS27000_SARIMA,4.08,3.18,0.79
0,C3019 X AS27133_SARIMA,31.97,27.2,1.09
1,C3019 X AS27134_Holt-Winters 3,2.19,1.62,1.44
0,C3019 X AS27137_SARIMA,6.77,5.12,1.52
1,C3019 X AS27138_Holt-Winters 3,4.85,4.01,0.86
1,C3020 X AS27000_Holt-Winters 3,13.68,9.52,0.41
1,C3020 X AS27132_Holt-Winters 3,2.68,2.42,0.07
0,C3020 X AS27133_SARIMA,30.98,25.34,0.85
1,C3020 X AS27134_Holt-Winters 3,2.11,1.43,0.16
0,C3020 X AS27137_SARIMA,10.95,7.71,0.77
0,C3020 X AS27138_SARIMA,4.08,3.14,0.52
1,C3020 X AS27139_Holt-Winters 3,0.06,0.06,0.02
0,C3022 X AS27000_SARIMA,2.2,1.78,0.31
1,C3022 X AS27132_Holt-Winters 3,0.36,0.17,0.23
0,C3022 X AS27133_SARIMA,14.92,11.01,1.79
0,C3022 X AS27137_SARIMA,2.07,1.67,1.48
0,C3022 X AS27138_SARIMA,8.96,6.06,0.93
0,C3023 X AS27000_SARIMA,6.06,4.47,0.18
1,C3023 X AS27132_Holt-Winters 3,0.12,0.11,0.01
0,C3023 X AS27133_SARIMA,9.85,5.59,0.58
1,C3023 X AS27134_Holt-Winters 3,39.17,20.6,13.45
1,C3023 X AS27137_Holt-Winters 3,3.24,2.08,0.29
1,C3023 X AS27138_Holt-Winters 3,4.51,2.58,0.41
0,C3023 X AS27139_SARIMA,0.0,0.0,0.0
1,C3023 X AS42018_Holt-Winters 3,0.01,0.01,0.01
1,C3023 X AS46000_Holt-Winters 3,0.48,0.47,0.0
0,C4001 X AS27000_SARIMA,10.14,7.05,0.81
1,C4001 X AS27132_Holt-Winters 3,1.27,0.85,0.65
0,C4001 X AS27133_SARIMA,21.13,17.44,2.74
0,C4001 X AS27134_SARIMA,47.6,27.09,2.69
1,C4001 X AS27137_Holt-Winters 3,0.46,0.23,0.93
0,C4001 X AS27138_SARIMA,2.94,2.26,1.64
1,C4002 X AS27000_Holt-Winters 3,5.18,4.34,0.32
1,C4002 X AS27132_Holt-Winters 3,1.62,1.18,0.24
0,C4002 X AS27133_SARIMA,3.83,2.93,0.62
1,C4002 X AS27134_Holt-Winters 3,2.68,2.4,1.32
0,C4002 X AS27137_SARIMA,0.99,0.81,0.7
0,C4002 X AS27138_SARIMA,1.3,0.95,1.45
1,C4002 X AS42018_Holt-Winters 3,1.12,0.71,0.43
0,C4003 X AS27133_SARIMA,13.08,10.41,3.33
0,C4003 X AS27137_SARIMA,0.0,0.0,0.0
1,C4003 X AS27137_Holt-Winters 3,0.02,0.01,0.0
0,C4003 X AS27138_SARIMA,1.67,0.65,inf
1,C4003 X AS27138_Holt-Winters 3,1.67,0.56,inf
2,C4003 X AS27138_FB Prophet,1.67,0.56,inf
0,C4014 X AS27000_SARIMA,18.01,13.45,0.57
0,C4014 X AS27132_SARIMA,2.38,2.24,1.49
0,C4014 X AS27137_SARIMA,6.05,5.22,2.53
0,C4015 X AS27000_SARIMA,10.21,8.64,1.03
1,C4015 X AS27132_Holt-Winters 3,0.52,0.43,0.27
0,C4015 X AS27133_SARIMA,35.83,31.13,1.63
1,C4015 X AS27134_Holt-Winters 3,136.82,64.47,2.68
2,C4015 X AS27137_FB Prophet,8.18,6.68,2.67
0,C4015 X AS27138_SARIMA,5.92,4.63,3.22
1,C4016 X AS27000_Holt-Winters 3,38.62,24.29,0.62
0,C4016 X AS27133_SARIMA,24.67,22.01,1.81
1,C4016 X AS27134_Holt-Winters 3,21.85,12.63,1.26
1,C4016 X AS27138_Holt-Winters 3,7.15,5.37,1.35
0,C4017 X AS17005_SARIMA,1.0,0.36,inf
1,C4017 X AS17005_Holt-Winters 3,1.4,0.68,inf
2,C4017 X AS17005_FB Prophet,1.41,0.67,inf
0,C4017 X AS27000_SARIMA,5.73,4.95,0.82
1,C4017 X AS27132_Holt-Winters 3,2.37,0.98,0.21
1,C4017 X AS27133_Holt-Winters 3,24.85,8.91,6.33
1,C4017 X AS27134_Holt-Winters 3,0.02,0.02,0.07
1,C4017 X AS27137_Holt-Winters 3,0.56,0.35,3.68
0,C4017 X AS27138_SARIMA,1.67,0.56,inf
1,C4017 X AS27138_Holt-Winters 3,1.67,0.56,inf
2,C4017 X AS27138_FB Prophet,1.67,0.56,inf
1,C4017 X AS27139_Holt-Winters 3,0.02,0.01,0.0
1,C4017 X AS46000_Holt-Winters 3,0.44,0.27,0.8
0,C4018 X AS27000_SARIMA,9.45,7.71,0.54
1,C4018 X AS27132_Holt-Winters 3,8.04,5.77,1.4
0,C4018 X AS27133_SARIMA,20.13,17.33,1.15
1,C4018 X AS27134_Holt-Winters 3,6.42,5.32,0.16
1,C4018 X AS27138_Holt-Winters 3,2.13,1.68,0.8
0,C4018 X AS27139_SARIMA,0.0,0.0,0.0
1,C4018 X AS27139_Holt-Winters 3,0.0,0.0,0.0
2,C4019 X AS27000_FB Prophet,38.72,34.52,0.67
1,C4019 X AS27132_Holt-Winters 3,22.42,10.83,1.26
0,C4019 X AS27133_SARIMA,20.23,17.02,1.33
0,C4019 X AS27134_SARIMA,24.76,17.13,0.91
0,C4019 X AS27137_SARIMA,6.79,5.43,1.42
0,C4019 X AS27138_SARIMA,4.96,4.04,1.85
1,C4020 X AS27000_Holt-Winters 3,2.05,1.19,0.73
1,C4020 X AS27133_Holt-Winters 3,9.32,4.3,1.84
1,C4020 X AS27134_Holt-Winters 3,1.31,0.47,1.25
1,C4020 X AS27138_Holt-Winters 3,0.66,0.23,3.71
1,C4021 X AS17005_Holt-Winters 3,0.05,0.05,0.03
1,C4021 X AS27000_Holt-Winters 3,6.53,4.17,2.26
1,C4021 X AS27132_Holt-Winters 3,4.98,1.71,1.37
0,C4021 X AS27133_SARIMA,4.33,1.44,inf
1,C4021 X AS27133_Holt-Winters 3,4.33,1.44,inf
2,C4021 X AS27133_FB Prophet,4.33,1.44,inf
1,C4021 X AS27134_Holt-Winters 3,26.13,16.72,2.68
0,C4021 X AS27137_SARIMA,1.67,0.56,inf
1,C4021 X AS27137_Holt-Winters 3,1.67,0.56,inf
2,C4021 X AS27137_FB Prophet,1.67,0.56,inf
0,C4021 X AS27138_SARIMA,0.44,0.24,inf
1,C4021 X AS27138_Holt-Winters 3,0.44,0.24,inf
2,C4021 X AS27138_FB Prophet,0.47,0.22,inf
1,C4021 X AS46000_Holt-Winters 3,0.05,0.05,0.01
0,C4022 X AS27000_SARIMA,1.84,1.3,0.73
0,C4022 X AS27132_SARIMA,0.75,0.44,1.07
1,C4022 X AS27133_Holt-Winters 3,15.46,12.61,0.57
1,C4022 X AS27134_Holt-Winters 3,13.71,6.89,0.45
1,C4022 X AS27137_Holt-Winters 3,1.75,0.93,1.65
0,C4022 X AS27138_SARIMA,1.1,0.93,0.9
0,C4022 X AS27139_SARIMA,0.0,0.0,0.0
1,C4022 X AS27139_Holt-Winters 3,0.0,0.0,0.0
1,C4023 X AS27000_Holt-Winters 3,8.62,7.35,0.76
1,C4023 X AS27133_Holt-Winters 3,22.97,18.94,0.84
0,C4024 X AS27000_SARIMA,5.58,4.69,0.68
1,C4024 X AS27132_Holt-Winters 3,0.09,0.07,0.04
0,C4024 X AS27133_SARIMA,11.75,11.01,1.15
1,C4024 X AS27137_Holt-Winters 3,2.94,1.91,2.35
2,C4025 X AS27000_FB Prophet,18.36,11.26,0.85
1,C4025 X AS27132_Holt-Winters 3,0.04,0.02,0.01
0,C4025 X AS27133_SARIMA,23.1,19.52,1.47
1,C4025 X AS27134_Holt-Winters 3,0.87,0.62,0.09
0,C4025 X AS27137_SARIMA,8.22,6.24,0.69
1,C4025 X AS27138_Holt-Winters 3,1.85,1.3,0.97
1,C4026 X AS27000_Holt-Winters 3,23.22,14.96,0.26
1,C4026 X AS27132_Holt-Winters 3,4.08,1.82,0.29
1,C4026 X AS27133_Holt-Winters 3,45.22,27.11,0.75
0,C4026 X AS27134_SARIMA,24.67,19.88,0.6
1,C4026 X AS27137_Holt-Winters 3,1.7,1.27,0.95
1,C4026 X AS27138_Holt-Winters 3,0.28,0.28,0.02
0,C4026 X AS27139_SARIMA,0.0,0.0,0.0
0,C4026 X AS46000_SARIMA,0.0,0.0,0.0
2,C4037 X AS27000_FB Prophet,22.13,18.53,1.09
1,C4037 X AS27132_Holt-Winters 3,10.6,6.58,1.48
0,C4037 X AS27133_SARIMA,49.95,41.98,3.17
1,C4037 X AS27134_Holt-Winters 3,84.57,59.38,0.72
0,C4037 X AS27137_SARIMA,20.23,14.36,6.57
0,C4037 X AS27138_SARIMA,11.22,8.12,1.86
1,C4037 X AS46000_Holt-Winters 3,6.67,2.22,2.97
1,C4038 X AS27000_Holt-Winters 3,6.15,5.16,0.57
0,C4038 X AS27132_SARIMA,1.0,0.33,inf
1,C4038 X AS27132_Holt-Winters 3,1.0,0.33,inf
2,C4038 X AS27132_FB Prophet,1.0,0.33,inf
0,C4038 X AS27133_SARIMA,15.62,11.58,1.18
0,C4038 X AS27134_SARIMA,8.19,6.08,0.35
0,C4038 X AS27137_SARIMA,4.86,3.61,6.42
0,C4038 X AS27138_SARIMA,4.21,3.08,2.9
0,C4054 X AS27133_SARIMA,7.08,6.37,1.32
0,C4054 X AS27139_SARIMA,0.0,0.0,0.0
0,C4056 X AS27000_SARIMA,5.19,4.62,16.41
0,C4056 X AS27133_SARIMA,14.25,10.71,1.62
0,C4056 X AS27134_SARIMA,3.56,3.16,0.26
0,C4056 X AS27137_SARIMA,1.99,1.58,0.97
0,C4056 X AS27138_SARIMA,3.01,1.13,inf
1,C4056 X AS27138_Holt-Winters 3,2.94,2.19,inf
2,C4056 X AS27138_FB Prophet,3.23,1.56,inf
0,C4061 X AS27000_SARIMA,6.57,6.02,1.91
1,C4061 X AS27132_Holt-Winters 3,4.68,2.31,0.95
0,C4061 X AS27133_SARIMA,24.92,22.87,4.91
1,C4061 X AS27134_Holt-Winters 3,16.09,7.03,1.28
0,C4061 X AS27137_SARIMA,16.47,14.7,3.54
0,C4061 X AS27138_SARIMA,19.94,18.27,5.18
1,C5001 X AS27000_Holt-Winters 3,9.96,4.76,0.41
0,C5001 X AS27133_SARIMA,17.34,14.01,0.9
1,C5001 X AS27134_Holt-Winters 3,23.58,14.46,1.02
1,C5001 X AS27137_Holt-Winters 3,1.32,0.81,0.43
0,C5001 X AS27138_SARIMA,28.14,25.35,4.38
0,C5002 X AS27000_SARIMA,2.98,2.36,0.4
0,C5002 X AS27132_SARIMA,0.63,0.45,0.38
0,C5002 X AS27133_SARIMA,19.61,15.34,0.94
2,C5002 X AS27137_FB Prophet,32.0,26.69,0.4
1,C5002 X AS27138_Holt-Winters 3,19.73,15.18,2.07
0,C5003 X AS27000_SARIMA,5.1,4.09,0.95
0,C5003 X AS27133_SARIMA,22.8,18.67,1.06
1,C5003 X AS27134_Holt-Winters 3,0.06,0.04,0.03
0,C5003 X AS27137_SARIMA,11.41,8.53,0.57
0,C5003 X AS27138_SARIMA,10.14,8.46,0.84
0,C5004 X AS27000_SARIMA,8.13,6.59,1.34
1,C5004 X AS27132_Holt-Winters 3,61.22,21.54,9.85
0,C5004 X AS27133_SARIMA,21.65,16.73,0.59
1,C5004 X AS27137_Holt-Winters 3,4.42,3.59,1.14
0,C5004 X AS27138_SARIMA,10.3,7.38,0.72
0,C5004 X AS27139_SARIMA,8.69,5.88,9.89
1,C5006 X AS27000_Holt-Winters 3,10.59,8.61,1.15
1,C5006 X AS27132_Holt-Winters 3,2.3,1.83,2.44
0,C5006 X AS27133_SARIMA,49.01,39.2,1.87
0,C5006 X AS27134_SARIMA,7.81,6.56,0.46
1,C5006 X AS27137_Holt-Winters 3,4.09,3.26,1.11
0,C5006 X AS27138_SARIMA,4.57,3.73,1.03
1,C5015 X AS27133_Holt-Winters 3,10.69,6.91,0.38
0,C5015 X AS27137_SARIMA,4.82,4.46,2.86
1,C5015 X AS46000_Holt-Winters 3,239.95,80.13,0.99
1,C5016 X AS27000_Holt-Winters 3,3.14,2.58,0.41
1,C5016 X AS27132_Holt-Winters 3,1.1,0.7,0.27
0,C5016 X AS27133_SARIMA,10.56,8.8,1.2
0,C5016 X AS27134_SARIMA,2.24,2.08,0.22
0,C5016 X AS27137_SARIMA,5.69,3.84,0.41
0,C5017 X AS27000_SARIMA,5.35,3.98,0.53
0,C5017 X AS27133_SARIMA,16.42,13.97,1.0
1,C5017 X AS27133_Holt-Winters 3,16.66,13.96,1.0
1,C5017 X AS27137_Holt-Winters 3,4.7,3.51,112.29
0,C5017 X AS27138_SARIMA,2.84,1.91,inf
1,C5017 X AS27138_Holt-Winters 3,3.19,2.1,inf
2,C5017 X AS27138_FB Prophet,3.2,2.0,inf
1,C5017 X AS46000_Holt-Winters 3,121.61,100.47,1.11
0,C5018 X AS27000_SARIMA,6.56,5.33,0.7
1,C5018 X AS27132_Holt-Winters 3,5.7,2.22,0.68
0,C5018 X AS27133_SARIMA,46.14,32.9,1.73
0,C5018 X AS27137_SARIMA,8.48,7.32,0.89
1,C5018 X AS27138_Holt-Winters 3,5.05,4.16,0.48
0,C5018 X AS27139_SARIMA,0.0,0.0,0.0
0,C5019 X AS27000_SARIMA,5.69,4.43,1.12
0,C5019 X AS27132_SARIMA,5.39,3.47,inf
1,C5019 X AS27132_Holt-Winters 3,5.55,3.13,inf
2,C5019 X AS27132_FB Prophet,5.58,3.11,inf
0,C5019 X AS27133_SARIMA,40.62,33.63,1.13
0,C5019 X AS27137_SARIMA,5.64,4.15,0.65
0,C5019 X AS27138_SARIMA,4.76,3.92,1.18
0,C5020 X AS27000_SARIMA,4.19,3.75,0.68
1,C5020 X AS27132_Holt-Winters 3,0.34,0.19,0.21
1,C5020 X AS27133_Holt-Winters 3,25.57,20.42,3.17
1,C5020 X AS27134_Holt-Winters 3,2.78,2.13,0.51
0,C5020 X AS27137_SARIMA,4.17,3.61,3.85
0,C5020 X AS27138_SARIMA,7.23,6.24,1.51
0,C5021 X AS27000_SARIMA,2.74,1.92,1.18
1,C5021 X AS27132_Holt-Winters 3,0.33,0.12,0.62
1,C5021 X AS27133_Holt-Winters 3,15.25,10.78,1.02
1,C5021 X AS27134_Holt-Winters 3,2.68,1.54,0.38
0,C5021 X AS27138_SARIMA,3.66,3.02,4.4
1,C5060 X AS27000_Holt-Winters 3,5.3,4.74,0.25
1,C5060 X AS27133_Holt-Winters 3,19.16,13.4,0.63
1,C5060 X AS27137_Holt-Winters 3,8.51,6.33,0.87
0,C5060 X AS27138_SARIMA,5.89,5.02,1.4
0,C5063 X AS27000_SARIMA,2.09,1.62,0.45
1,C5063 X AS27132_Holt-Winters 3,1.46,1.03,0.27
0,C5063 X AS27133_SARIMA,5.77,3.91,1.23
0,C5063 X AS27134_SARIMA,2.35,1.84,2.27
0,C5063 X AS27137_SARIMA,1.08,0.98,0.61
1,C5063 X AS27138_Holt-Winters 3,3.41,2.8,0.75
1,C5063 X AS27139_Holt-Winters 3,0.04,0.04,0.11
1,C5063 X AS46000_Holt-Winters 3,4.12,2.07,0.68
0,C5066 X AS27133_SARIMA,8.95,7.02,2.25
1,C5066 X AS27137_Holt-Winters 3,0.35,0.18,0.05
1,C5066 X AS27138_Holt-Winters 3,6.99,3.6,3.84
